{
    "K": [
        [
            1483.6378173828125,
            0.0,
            540.0
        ],
        [
            0.0,
            1483.6378173828125,
            540.0
        ],
        [
            0.0,
            0.0,
            1.0
        ]
    ],
    "R_world2cv": [
        [
            -0.9999555945396423,
            -0.007571352645754814,
            -0.00567583367228508
        ],
        [
            0.008525130338966846,
            -0.9811339378356934,
            -0.19314134120941162
        ],
        [
            -0.004106411710381508,
            -0.19318106770515442,
            0.9811548590660095
        ]
    ],
    "T_world2cv": [
        7.927417755126953e-05,
        -0.00012964382767677307,
        827.4778442382812
    ]
}